{
    "Productive_Time": 29.999949367946556,
    "PR": 1199.9979747178622,
    "Maintenance_Time": 0.0,
    "MA": 0.0,
    "IN": 799.9986498119057,
    "Idle_Time": 50.0000843867558,
    "Installation_Time": 19.999966245297642,
    "TOT": 85321301.76103002,
    "ID": 1999.9966245297755
}