{
    "Productive_Time": 39.999949367946556,
    "PR": 1399.9979747178622,
    "Maintenance_Time": 0.0,
    "MA": 0.0,
    "IN": 599.9986498119057,
    "Idle_Time": 80.0000843867558,
    "Installation_Time": 12.999966245297642,
    "TOT": 95321301.76103002,
    "ID": 1699.9966245297755
}